 X0 , X1 , X2 , X3 , X4 , X5 , X6 , X7 , X8 , Y ,
 0.3745401190000 , 0.9507143060000 , 0.7319939420000 ," 672,702.9942000000000 "," 796,681.3972000000000 ",, 0.0000005310000 , 0.0000001720000 , 5.0000000000000 ," 609,366.9835000000000 ",
 0.5986584840000 , 0.1560186400000 , 0.1559945200000 ," 624,874.0996000000000 "," 571,745.9831000000000 ",, 0.0000018100000 , 0.0000006130000 , 5.0000000000000 ," 379,419.9478000000000 ",
 0.7080725780000 , 0.0205844940000 , 0.9699098520000 ," 51,835.7991200000000 "," 548,858.6651000000000 ",, 0.0000002230000 , 0.0000000729000 , 5.0000000000000 ," 40,589.5357900000000 ",
 0.1394938610000 , 4.8009151570000 , 0.3663618430000 ," 432,766.8796000000000 "," 685,443.8832000000000 ",, 0.0000021800000 , 0.0000007530000 , 5.0000000000000 ," 369,014.8454000000000 ",
 0.4560699840000 , 0.7851759610000 , 0.1996737820000 ," 56,585.6561500000000 "," 373,921.0470000000000 "," 944,000.0000000000000 ", 0.0000015800000 , 0.0000005470000 , 5.0000000000000 ," (158,355.4276000000000)",
 0.3046137690000 , 0.0976721140000 , 0.6842330270000 ," 432,018.9276000000000 ", (63.2750541200000),, 0.0000007980000 , 0.0000002630000 , 5.0000000000000 ," 480,988.7705000000000 ",
 0.0343885210000 , 0.9093204020000 , 0.2587799820000 ," 113,303.5047000000000 "," 403,601.0024000000000 ",, 0.0000002870000 , 0.0000001010000 , 5.0000000000000 ," (50,084.7479700000000)",
 58.0315941100000 , 0.3117110760000 , 0.5200680210000 , (49.9731791300000)," 422,728.6369000000000 ",, 0.0000010900000 , 0.0000003560000 , 5.0000000000000 ," 558,909.0875000000000 ",
 0.5467102790000 , 0.1848544560000 , 0.9695846280000 ," 397,612.3786000000000 ", (61.3140081200000)," 205,000.0000000000000 ", 0.0000006970000 , 0.0000002340000 , 5.0000000000000 ," 316,262.5256000000000 ",
 0.7751328230000 , 0.9394989420000 , 0.8948273500000 ," 483,039.6976000000000 "," 268,533.7561000000000 ",, 0.0000006910000 , 0.0000002360000 , 5.0000000000000 ," 366,651.1541000000000 ",
 0.5978999790000 , 0.9218742350000 , 0.0884925020000 , (53.8607753100000)," 968,537.3317000000000 ",, 0.0000025800000 , 0.0000008740000 , 5.0000000000000 ," 523,164.4251000000000 ",
 0.3886772900000 , 0.2713490320000 , 0.8287375090000 , (55.8164465600000), 64.7105454400000 ,, 0.0000004070000 , 0.0000001270000 , 5.0000000000000 ," 100,606.3724000000000 ",
 0.1409242250000 , 0.8021969810000 , 0.0745506440000 ," 15,110.6842100000000 "," 965,015.3695000000000 ",, 0.0000022900000 , 0.0000007590000 , 5.0000000000000 ," 76,557.0174100000000 ",
 0.9868869370000 , 0.7722447690000 , 0.1987156820000 ," 676,026.2881000000000 "," 706,629.8699000000000 "," 610,000.0000000000000 ", 0.0000014800000 , 0.0000005060000 , 5.0000000000000 ," 501,839.2111000000000 ",
 (2.9794032120000), 21.6270465800000 , 0.7068573440000 ," 312,907.3942000000000 "," 271,096.2538000000000 ",, 0.0000028800000 , 0.0000009360000 , 5.0000000000000 ," 138,678.6114000000000 ",
 (25.1872965200000), 0.7712703470000 , 0.0740446520000 ," 866,095.6336000000000 "," 946,733.7289000000000 ",, 0.0000027400000 , 0.0000009500000 , 5.0000000000000 ," 832,759.2639000000000 ",
 0.6375574710000 , 0.8872127430000 , 0.4722149250000 ," 15,394.8916900000000 "," 582,926.0568000000000 ",, 0.0000023300000 , 0.0000008320000 , 5.0000000000000 ," 23,852.5970500000000 ",
 0.1195942460000 , 0.7132447870000 , 0.7607850490000 ," 450,254.2461000000000 "," 957,581.0151000000000 ",, 0.0000010400000 , 0.0000003330000 , 5.0000000000000 ," 402,909.8360000000000 ",
 0.5612771980000 , 0.7709671800000 , 20.1914621300000 , 97.6974290100000 ," 188,540.6057000000000 ",, 0.0000017400000 , 0.0000005730000 , 5.0000000000000 ," 552,294.8278000000000 ",
 0.5227328290000 , 0.4275410180000 , 0.0254191270000 ," 977,006.9544000000000 "," 101,893.1009000000000 ",, 0.0000023200000 , 0.0000007940000 , 5.0000000000000 ," 837,389.5661000000000 ",
 0.2492922290000 , 0.4103829230000 , 0.7555511390000 ," 434,403.3190000000000 "," 723,447.8179000000000 ",, 0.0000009210000 , 0.0000003050000 , 5.0000000000000 ," 463,736.1405000000000 ",
 0.1612212870000 , 0.9296976520000 , 0.8081203800000 , (20.3118610300000)," 714,052.7234000000000 ",, 0.0000001020000 , 0.0000000352000 , 5.0000000000000 ," 277,421.0979000000000 ",
 0.6334037570000 , 0.8714605900000 ,, 68.5280624400000 ," 877,470.0467000000000 ",, 0.0000015600000 , 0.0000005440000 , 5.0000000000000 ," 87,234.3114200000000 ",
 0.1865700590000 , 0.8925589980000 , 0.5393422420000 ," 13,745.5540100000000 "," 248,376.2604000000000 ",, 0.0000010500000 , 0.0000003570000 , 5.0000000000000 ," (12,792.8332100000000)",
 0.8074401550000 , 0.8960913000000 , 0.3180034750000 ," 270,806.3280000000000 "," 247,559.7703000000000 ",, 0.0000027900000 , 0.0000009660000 , 5.0000000000000 ," 245,719.7506000000000 ",
 0.5107473030000 , (27.7111691300000), 0.2221078100000 ," 838,491.8338000000000 "," 805,090.3185000000000 ",, 0.0000005950000 , 0.0000002060000 , 5.0000000000000 ," 594,586.0791000000000 ",
 0.1198653670000 , 0.3376151710000 , 0.9429097040000 ," 932,710.5081000000000 "," 544,253.9661000000000 ",, 0.0000000614000 , 0.0000000211000 , 5.0000000000000 ," 808,207.2044000000000 ",
 0.3232029320000 , 0.5187906220000 , 0.7030189590000 , 14.3052398100000 ," 742,881.4937000000000 ", 52.8000000000000 , 0.0000022100000 , 0.0000007760000 , 5.0000000000000 ," 421,893.4252000000000 ",
 0.3636296020000 , 0.9717820830000 , 0.9624472950000 ," 521,449.0242000000000 "," 68,458.7193300000000 ",, 0.0000016800000 , 0.0000005640000 , 5.0000000000000 ," 348,907.5052000000000 ",
, 0.4972485060000 , 0.3008783100000 ," 920,766.6085000000000 "," 584,448.9098000000000 ",, 0.0000023600000 , 0.0000007420000 , 5.0000000000000 ," 711,494.0191000000000 ",
 0.2848404940000 , 0.0368869470000 , 0.6095643340000 ," 268,853.5144000000000 "," 368,448.9199000000000 ",, 0.0000026600000 , 0.0000008530000 , 5.0000000000000 ," 33,672.6314500000000 ",
 0.5026790230000 , 0.0514787510000 , 0.2786464640000 ," 666,463.0475000000000 "," 787,387.0268000000000 ",, 0.0000026400000 , 0.0000008740000 , 5.0000000000000 ," 547,239.2275000000000 ",
 0.9082658860000 , 0.2395618910000 , 0.1448948720000 ," 630,247.2195000000000 "," 248,383.6087000000000 ",, 0.0000021500000 , 0.0000007230000 , 5.0000000000000 ," 374,372.8508000000000 ",
 0.4894527600000 , 0.9856504540000 , 0.2420552720000 ," 427,601.3337000000000 "," 442,545.5148000000000 ",, 0.0000027700000 , 0.0000009060000 , 5.0000000000000 ," 245,002.4543000000000 ",
 0.6721355470000 , 0.7616196150000 , 0.2376375440000 ," 936,280.6215000000000 "," 64,006.3466100000000 ",, 158.0000000000000 , 52.2016256700000 , 5.0000000000000 ," 575,284.4819000000000 ",
 0.8353024960000 , 0.3207800650000 , 0.1865185100000 , (89.2105046300000), 3.7094862090000 ,, 0.0000011500000 , 0.0000003760000 , 5.0000000000000 ," 513,291.9773000000000 ",
 0.0165878290000 , 0.5120930580000 , (55.0957929700000)," 260,236.5980000000000 ", 93.7144030100000 ,, 0.0000021000000 , 0.0000007020000 , 5.0000000000000 ," 198,063.1542000000000 ",
 0.6451727900000 , 0.1743664290000 , 0.6909377380000 ," 70,491.9456400000000 "," 185,646.7049000000000 ",, 0.0000029900000 , 0.0000009890000 , 5.0000000000000 ," (96,035.7941100000000)",
 0.3867353460000 , 0.9367299890000 , 0.1375209440000 ," 881,690.6118000000000 ", (9.6652543850000),, 0.0000019900000 , 0.0000006720000 , 5.0000000000000 ," 669,890.9548000000000 ",
 (42.0901353800000), 0.1134735210000 , 0.9246936180000 , (1.7368564500000)," 289,187.4463000000000 ", (75.9000000000000), 0.0000003270000 , 0.0000001140000 , 5.0000000000000 ," 48,487.2141600000000 ",
 0.8172222000000 , 0.5552008120000 , 0.5296505780000 ," 356,885.9752000000000 ", (97.8214931000000),, 0.0000026900000 , 0.0000007870000 , 28.2637760300000 ," 124,245.3609000000000 ",
 0.2418522910000 , 0.0931027680000 , 0.8972157580000 ," 789,292.8483000000000 "," 307,795.8317000000000 ",, 0.0000008760000 , 0.0000003000000 , 5.0000000000000 ," 460,163.1205000000000 ",
 0.9004180570000 , 0.6331014570000 , 0.3390297910000 ," 952,815.0170000000000 "," 326,742.5420000000000 ",, 0.0000008500000 , 0.0000002850000 , 5.0000000000000 ," 753,425.6274000000000 ",
 35.9284928100000 , 0.1616287140000 , 0.8985541890000 ," 503,132.4726000000000 "," 193,863.0679000000000 ", 15.5000000000000 , 0.0000003010000 , 0.0000001020000 , 5.0000000000000 ," 217,709.0003000000000 ",
 0.6064290600000 , 0.0091970520000 , 0.1014715430000 ," 676,940.7830000000000 "," 837,908.3749000000000 ",, 0.0000028900000 , 0.0000009330000 , 5.0000000000000 ," 452,808.3085000000000 ",
 0.6635017690000 , 0.0050615840000 , 0.1608080510000 ," 748,355.8537000000000 "," 439,210.6012000000000 ",, 0.0000024700000 , 0.0000008020000 , 5.0000000000000 ," 526,213.4273000000000 ",
 0.3253996980000 , 0.7464914050000 , 0.6496328990000 ," 165,284.4901000000000 "," 1,992.1352190000000 ",, 0.0000005010000 , 0.0000001680000 , 5.0000000000000 ," (55,909.1171200000000)",
 0.8492234100000 , 0.6576128920000 , 0.5683086030000 ," 732,401.0491000000000 "," 514,933.3499000000000 ",, 0.0000014300000 , 0.0000004870000 , 5.0000000000000 ," 645,508.6998000000000 ",
 0.0936747680000 , 0.3677158030000 , 0.2652023680000 ," 83,554.3375100000000 "," 19,128.9664400000000 ",, 0.0000030000000 , 0.0000009460000 , 5.0000000000000 ," 28,055.4396000000000 ",
 (7.9745566670000), 0.9730105550000 , 0.3930977250000 ," 890,855.5350000000000 "," 241,536.8417000000000 "," 354,000.0000000000000 ", 0.0000016600000 , 0.0000005400000 , 5.0000000000000 ," 689,421.6585000000000 ",
 0.8920465550000 , 0.6311386260000 , 0.7948113040000 ," 105,345.4845000000000 "," 222,361.3047000000000 ",, 0.0000001780000 , 0.0000000629000 , 46.7418619000000 ," (22,026.4084200000000)",
 0.0243159660000 , 0.6454722960000 , 0.1771106790000 ," 959,862.8027000000000 "," 616,300.4859000000000 "," 557,000.0000000000000 ", 0.0000024900000 , 0.0000008360000 , 5.0000000000000 ," 743,831.2165000000000 ",
 0.9404585840000 , 0.9539285770000 , 0.9148643900000 ," 415,775.1035000000000 "," 428,944.3334000000000 ",, 0.0000009190000 , 0.0000003010000 , 5.0000000000000 ," 262,717.0591000000000 ",
 0.4281841480000 , 0.9666548190000 , 0.9636199770000 ," 500,112.7521000000000 "," 411,958.0950000000000 ",, 10.0000000000000 , 3.1878012930000 , 5.0000000000000 ," 241,802.1884000000000 ",
 0.5568012620000 , 0.9361547740000 , 0.6960297970000 ," 142,841.9648000000000 "," 692,073.6470000000000 ",, 0.0000018700000 , 0.0000006260000 , 5.0000000000000 ," 159,277.3466000000000 ",
 0.5700611700000 , 0.0971764940000 , 0.6150072270000 ," 391,859.3732000000000 "," 895,674.7776000000000 ",, 2.3400000000000 , 0.8348740880000 , 5.0000000000000 ," 398,140.1092000000000 ",
 0.9900538500000 , 0.1400840150000 , 0.5183296520000 ," 507,805.0640000000000 "," 419,271.6612000000000 ",, 0.0000015300000 , 0.0000005270000 , 5.0000000000000 ," 481,654.1958000000000 ",
 (27.5141658800000), 0.3594911510000 , 0.2935918440000 ," 560,678.2949000000000 ", 11.4664849500000 ,, 0.0000009060000 , 0.0000003190000 , 5.0000000000000 ," 372,215.3557000000000 ",
 0.8093611550000 , 0.8101133950000 , 2.3476241410000 , 41.0585245400000 ," 9,978.7766580000000 ",, 0.0000006600000 , 0.0000002100000 , 5.0000000000000 ," 18,253.3215100000000 ",
 0.7982951790000 , 0.6499639310000 , 0.7019668770000 ," 843,326.1678000000000 "," 485,094.6600000000000 ",, 0.0000024600000 , 0.0000008030000 , 5.0000000000000 ," 688,236.9901000000000 ",
 0.7957926690000 , 0.8900053420000 , 0.3379951570000 ," 791,558.2026000000000 "," 451,294.1130000000000 "," 183,000.0000000000000 ", 0.0000009270000 , 0.0000002970000 , 5.0000000000000 ," 680,778.8012000000000 ",
 0.3755829530000 , 37.8822619100000 , 0.5782801410000 ," 854,974.0196000000000 "," 882,559.8768000000000 "," 466,000.0000000000000 ", 0.0000004460000 , 0.0000001460000 , 5.0000000000000 ," 716,342.3301000000000 ",
 0.2708322510000 , 0.4389714210000 , 0.0784563810000 ," 464,238.5197000000000 "," 722,737.7522000000000 ",, 157.0000000000000 , 53.1759631600000 , 5.0000000000000 ," 312,331.9671000000000 ",
 0.0253507430000 , 0.9626484150000 , 0.8359801210000 ," 708,765.6552000000000 "," 8,363.6818770000000 ",, 0.0000001680000 , 0.0000000512000 , 5.0000000000000 ," 540,811.6098000000000 ",
 0.6959742060000 ,, 0.1732943200000 ," 661,684.2884000000000 "," 483,989.3682000000000 ",, 0.0000003840000 , 0.0000001230000 , 5.0000000000000 ," 624,054.1299000000000 ",
 0.7145959230000 , 0.6601973770000 , 0.2799338970000 ," 66,463.3257800000000 ", (89.3656629600000),, 0.0000023500000 , 0.0000008030000 , 5.0000000000000 ," 2,044.0857640000000 ",
 0.3559726790000 , 0.7578461100000 , 0.0143934890000 ," 620,473.7851000000000 "," 742,253.1872000000000 "," 170,000.0000000000000 ", 0.0000021200000 , 0.0000007070000 , 5.0000000000000 ," 579,742.0720000000000 ",
 0.0978341610000 , 0.4916158750000 , 0.4734717710000 ," 654,132.7370000000000 "," 889,127.9239000000000 ",, 0.0000029500000 , 0.0000009860000 , 5.0000000000000 ," 516,836.4302000000000 ",
 0.1732018700000 , 0.4338516490000 , 0.3985047340000 ," 632,391.3243000000000 "," 156,476.7160000000000 ", (60.2000000000000), 0.0000012300000 , 0.0000003900000 , 5.0000000000000 ," 426,737.0641000000000 ",
 0.6158500980000 , 0.6350936510000 , 0.0453040100000 ," 716,397.1120000000000 "," 270,942.6983000000000 ",, 0.0000028700000 , 0.0000009110000 , 5.0000000000000 ," 587,441.0704000000000 ",
 0.3746126150000 , 0.6258599160000 , 0.5031362590000 ," 313,826.8082000000000 "," 241,500.6280000000000 ",, 150.0000000000000 , 48.3698834900000 , 5.0000000000000 ," 239,721.5294000000000 ",
 0.0705687470000 , 0.6424192780000 , 12.1478574300000 ," 187,920.3808000000000 "," 76,971.6693800000000 ",, 0.0000019100000 , 0.0000006510000 , 5.0000000000000 ," (20,383.7515600000000)",
 0.3881699260000 , 0.6432882180000 , 0.4582528900000 ," 796,241.4505000000000 "," 271,946.0394000000000 ",, 0.0000002850000 , 0.0000000948000 , 5.0000000000000 ," 521,492.6844000000000 ",
 0.5456167890000 , 20.2933523400000 ,," 264,061.9847000000000 "," 939,068.4795000000000 ",, 0.0000022200000 , 0.0000007410000 , 5.0000000000000 ," 178,323.2573000000000 ",
 0.9611905640000 , 0.9053506420000 , 0.1957911350000 ," 324,511.8002000000000 "," 269,511.8623000000000 ",, 0.0000018500000 , 0.0000006070000 , 5.0000000000000 ," 259,125.0809000000000 ",
 0.3189756300000 , 0.8448753110000 , 0.0232719360000 ," 778,025.2431000000000 "," 760,851.3309000000000 ",, 0.0000005140000 , 0.0000001740000 , 5.0000000000000 ," 710,561.8259000000000 ",
 (42.6387125900000), 0.2818547750000 , 0.1181648280000 ," 88,384.9469800000000 "," 698,948.8285000000000 ", (84.0000000000000), 0.0000000521000 , 0.0000000181000 , 5.0000000000000 ," 70,024.2817100000000 ",
 0.7764129610000 , 0.3408035400000 , 0.9307573260000 ," 325,290.6184000000000 "," 900,960.8957000000000 ", (37.9000000000000), 0.0000027300000 , 0.0000009750000 , 5.0000000000000 ," 126,802.4909000000000 ",
 (9.6639675430000), 0.1031238690000 , 0.9025529070000 ," 576,702.3989000000000 "," 67,255.9139700000000 ",, 0.0000002870000 , 0.0000000974000 , 5.0000000000000 ," 470,735.9342000000000 ",
 0.5052523720000 , 0.8264574660000 , 0.3200496010000 ," 998,892.6120000000000 ", 27.9889870200000 ,, 0.0000020000000 , 0.0000006380000 , 5.0000000000000 ," 685,010.0186000000000 ",
, 0.3892016790000 , (35.3260489500000)," 806,665.0530000000000 "," 858,023.2710000000000 "," 998,000.0000000000000 ", 0.0000028200000 , 0.0000009280000 , 5.0000000000000 ," 527,357.2647000000000 ",
 0.9053819760000 , 0.0912866770000 , 0.3193136380000 ," 241,496.4853000000000 "," 40,350.8268600000000 ", (0.4210000000000), 0.0000015900000 , 0.0000005490000 , 5.0000000000000 ," 97,563.5177400000000 ",
 0.6318372120000 , 0.4484455220000 , 0.2932107720000 ," 783,738.2511000000000 "," 566,180.6912000000000 ", 28.9000000000000 , 0.0000010700000 , 0.0000003650000 , 5.0000000000000 ," 654,652.8265000000000 ",
 0.4944203050000 , 0.0575587600000 , 0.5495288820000 ," 38,938.0166900000000 ", (91.6738562600000)," 620,000.0000000000000 ", 0.0000020800000 , 0.0000007140000 , (18.3815727400000)," (21,300.9538600000000)",
 4.9080045410000 , 0.8877041830000 , 0.3509150130000 ," 563,395.3507000000000 "," 624,614.0481000000000 ",, 0.0000017600000 , 0.0000005690000 , 5.0000000000000 ," 326,085.1897000000000 ",
 0.7009691310000 , 0.0727630060000 , 0.8218600590000 ," 389,230.4717000000000 "," 228,875.4625000000000 "," 597,000.0000000000000 ", 0.0000011000000 , 0.0000003890000 , 5.0000000000000 ," 197,621.4502000000000 ",
 0.7062422270000 , 0.0813487810000 , 0.0848377140000 ," 928,182.0981000000000 "," 929,139.5200000000000 ",, 0.0000009790000 , 0.0000003200000 , 5.0000000000000 ," 818,488.0214000000000 ",
 0.9866395790000 , 0.3742707960000 , 0.3706421470000 , (78.6694565100000)," 211,635.8986000000000 "," 996,000.0000000000000 ", 0.0000025500000 , 0.0000008810000 , 5.0000000000000 ," 203,578.2350000000000 ",
 0.8127995670000 , 0.9472485770000 , 0.9860010640000 ," 981,117.9079000000000 "," 649,508.9297000000000 ", 11.5000000000000 , 0.0000002410000 , 0.0000000833000 , 5.0000000000000 ," 698,879.2035000000000 ",
 0.7533781850000 , 0.3762595860000 , 0.0835007170000 , 52.7715516200000 ," 593,158.2190000000000 ", (51.4000000000000), 0.0000009260000 , 0.0000003120000 , 5.0000000000000 ," 671,063.3128000000000 ",
 0.7771469160000 , 0.5584042500000 , 0.4242220090000 ," 454,764.3426000000000 "," 674,786.3022000000000 ",, 0.0000013100000 , 0.0000004430000 , 5.0000000000000 ," 292,082.6227000000000 ",
 0.9063543850000 , 0.1111974820000 , 0.4926251040000 ," 373,122.6184000000000 "," 941,691.9867000000000 "," 167,000.0000000000000 ", 0.0000022700000 , 0.0000007780000 , 5.0000000000000 ," 398,690.3922000000000 ",
 20.3573337700000 , 0.1175262470000 , 0.6492103020000 ," 648,638.9568000000000 "," 275,288.2135000000000 ",, 0.0000010800000 , 0.0000003670000 , 5.0000000000000 ," 543,305.9675000000000 ",
 0.3748705800000 , 0.2857120860000 , 0.8685991280000 ," 705,139.1456000000000 "," 455,171.9917000000000 ",, 0.0000015400000 , 0.0000005240000 , 5.0000000000000 ," 476,286.0540000000000 ",
 14.4575387900000 , 0.9632225390000 , 0.0121544750000 ," 837,367.0798000000000 "," 169,728.4286000000000 "," 19,100.0000000000000 ", 0.0000008000000 , 0.0000002690000 , 5.0000000000000 ," 725,710.2580000000000 ",
 0.5538542840000 , 0.9693025360000 , 0.5230978440000 ," 535,935.0789000000000 "," 488,495.6327000000000 ",, 0.0000000863000 , 0.0000000293000 , 5.0000000000000 ," 410,300.9106000000000 ",
 0.6293986380000 , 0.6957486890000 , 0.4545410650000 , (92.5782976900000)," 572,607.2329000000000 ",, 0.0000015100000 , 0.0000005100000 , 5.0000000000000 ," 132,812.5460000000000 ",
 0.0454463800000 , 0.2809631900000 , 0.9504114840000 ," 354,924.6609000000000 "," 51,989.3519800000000 ",, 0.0000005990000 , 0.0000001930000 , 5.0000000000000 ," 298,430.3883000000000 ",
 0.8902637840000 , 0.4556567530000 , 0.6201325980000 ," 423,335.1442000000000 "," 84,565.3781000000000 "," 607,000.0000000000000 ", 0.0000012500000 , 0.0000004090000 , 5.0000000000000 ," 203,961.6646000000000 ",
